{
  "id": "/subscriptions/2ad1dc3a-c516-4b07-a384-8788483e8b53/resourceGroups/mapd713_group2/providers/Microsoft.Resources/deployments/Microsoft.Web-WebApp-Portal-6428d729-b386",
  "name": "Microsoft.Web-WebApp-Portal-6428d729-b386",
  "type": "Microsoft.Resources/deployments",
  "tags": {
    "primaryResourceId": "/subscriptions/2ad1dc3a-c516-4b07-a384-8788483e8b53/resourcegroups/mapd713_group2/providers/Microsoft.Web/sites/mapd713nodeapi",
    "marketplaceItemId": "Microsoft.WebSite",
    "provisioningHash": "customize-post-provisioning-steps-webapp-deployment"
  },
  "properties": {
    "templateHash": "12213099093694176205",
    "parameters": {
      "subscriptionId": {
        "type": "String",
        "value": "2ad1dc3a-c516-4b07-a384-8788483e8b53"
      },
      "resourceGroupName": {
        "type": "String",
        "value": "mapd713_group2"
      },
      "name": {
        "type": "String",
        "value": "mapd713nodeapi"
      },
      "location": {
        "type": "String",
        "value": "Canada Central"
      },
      "hostingPlanName": {
        "type": "String",
        "value": "ASP-DeployNodeAppgroup-af10"
      },
      "serverFarmResourceGroup": {
        "type": "String",
        "value": "DeployNodeApp_group"
      },
      "alwaysOn": {
        "type": "Bool",
        "value": false
      },
      "ftpsState": {
        "type": "String",
        "value": "FtpsOnly"
      },
      "autoGeneratedDomainNameLabelScope": {
        "type": "String",
        "value": "TenantReuse"
      },
      "linuxFxVersion": {
        "type": "String",
        "value": "NODE|18-lts"
      }
    },
    "mode": "Incremental",
    "debugSetting": {
      "detailLevel": "None"
    },
    "provisioningState": "Succeeded",
    "timestamp": "2024-12-03T02:13:23.4679541Z",
    "duration": "PT1M24.3134789S",
    "correlationId": "b4d383f3-43df-4aa6-b5c2-86c28f160e32",
    "providers": [
      {
        "namespace": "Microsoft.Web",
        "resourceTypes": [
          {
            "resourceType": "sites",
            "locations": [
              "canadacentral"
            ]
          },
          {
            "resourceType": "sites/basicPublishingCredentialsPolicies",
            "locations": [
              null
            ]
          }
        ]
      },
      {
        "namespace": "microsoft.insights",
        "resourceTypes": [
          {
            "resourceType": "components",
            "locations": [
              "canadacentral"
            ]
          }
        ]
      }
    ],
    "dependencies": [
      {
        "dependsOn": [
          {
            "id": "/subscriptions/2ad1dc3a-c516-4b07-a384-8788483e8b53/resourceGroups/mapd713_group2/providers/microsoft.insights/components/mapd713nodeapi",
            "resourceType": "microsoft.insights/components",
            "resourceName": "mapd713nodeapi"
          },
          {
            "id": "/subscriptions/2ad1dc3a-c516-4b07-a384-8788483e8b53/resourceGroups/mapd713_group2/providers/microsoft.insights/components/mapd713nodeapi",
            "resourceType": "microsoft.insights/components",
            "resourceName": "mapd713nodeapi",
            "apiVersion": "2015-05-01"
          }
        ],
        "id": "/subscriptions/2ad1dc3a-c516-4b07-a384-8788483e8b53/resourceGroups/mapd713_group2/providers/Microsoft.Web/sites/mapd713nodeapi",
        "resourceType": "Microsoft.Web/sites",
        "resourceName": "mapd713nodeapi"
      },
      {
        "dependsOn": [
          {
            "id": "/subscriptions/2ad1dc3a-c516-4b07-a384-8788483e8b53/resourceGroups/mapd713_group2/providers/Microsoft.Web/Sites/mapd713nodeapi",
            "resourceType": "Microsoft.Web/Sites",
            "resourceName": "mapd713nodeapi"
          }
        ],
        "id": "/subscriptions/2ad1dc3a-c516-4b07-a384-8788483e8b53/resourceGroups/mapd713_group2/providers/Microsoft.Web/sites/mapd713nodeapi/basicPublishingCredentialsPolicies/scm",
        "resourceType": "Microsoft.Web/sites/basicPublishingCredentialsPolicies",
        "resourceName": "mapd713nodeapi/scm"
      },
      {
        "dependsOn": [
          {
            "id": "/subscriptions/2ad1dc3a-c516-4b07-a384-8788483e8b53/resourceGroups/mapd713_group2/providers/Microsoft.Web/Sites/mapd713nodeapi",
            "resourceType": "Microsoft.Web/Sites",
            "resourceName": "mapd713nodeapi"
          }
        ],
        "id": "/subscriptions/2ad1dc3a-c516-4b07-a384-8788483e8b53/resourceGroups/mapd713_group2/providers/Microsoft.Web/sites/mapd713nodeapi/basicPublishingCredentialsPolicies/ftp",
        "resourceType": "Microsoft.Web/sites/basicPublishingCredentialsPolicies",
        "resourceName": "mapd713nodeapi/ftp"
      }
    ],
    "outputResources": [
      {
        "id": "/subscriptions/2ad1dc3a-c516-4b07-a384-8788483e8b53/resourceGroups/mapd713_group2/providers/microsoft.insights/components/mapd713nodeapi"
      },
      {
        "id": "/subscriptions/2ad1dc3a-c516-4b07-a384-8788483e8b53/resourceGroups/mapd713_group2/providers/Microsoft.Web/sites/mapd713nodeapi"
      },
      {
        "id": "/subscriptions/2ad1dc3a-c516-4b07-a384-8788483e8b53/resourceGroups/mapd713_group2/providers/Microsoft.Web/sites/mapd713nodeapi/basicPublishingCredentialsPolicies/ftp"
      },
      {
        "id": "/subscriptions/2ad1dc3a-c516-4b07-a384-8788483e8b53/resourceGroups/mapd713_group2/providers/Microsoft.Web/sites/mapd713nodeapi/basicPublishingCredentialsPolicies/scm"
      }
    ],
    "validationLevel": "Template"
  }
}