[
  {
    "id": "/subscriptions/2ad1dc3a-c516-4b07-a384-8788483e8b53/resourceGroups/mapd713_group2/providers/Microsoft.Resources/deployments/Microsoft.Web-WebApp-Portal-6428d729-b386/operations/3CD039981557F109",
    "operationId": "3CD039981557F109",
    "properties": {
      "provisioningOperation": "Create",
      "provisioningState": "Succeeded",
      "timestamp": "2024-12-03T02:13:23.3213398Z",
      "duration": "PT1M23.9005881S",
      "trackingId": "99a696c7-fe5a-497a-a839-9d6d52e88cc0",
      "statusCode": "OK",
      "targetResource": {
        "id": "/subscriptions/2ad1dc3a-c516-4b07-a384-8788483e8b53/resourceGroups/mapd713_group2/providers/Microsoft.Web/sites/mapd713nodeapi/basicPublishingCredentialsPolicies/ftp",
        "resourceType": "Microsoft.Web/sites/basicPublishingCredentialsPolicies",
        "resourceName": "mapd713nodeapi/ftp"
      }
    }
  },
  {
    "id": "/subscriptions/2ad1dc3a-c516-4b07-a384-8788483e8b53/resourceGroups/mapd713_group2/providers/Microsoft.Resources/deployments/Microsoft.Web-WebApp-Portal-6428d729-b386/operations/F38C600E196902DC",
    "operationId": "F38C600E196902DC",
    "properties": {
      "provisioningOperation": "Create",
      "provisioningState": "Succeeded",
      "timestamp": "2024-12-03T02:13:23.3053002Z",
      "duration": "PT0.5485796S",
      "trackingId": "84477b2a-453b-468d-8b56-0f792e505e8b",
      "statusCode": "OK",
      "targetResource": {
        "id": "/subscriptions/2ad1dc3a-c516-4b07-a384-8788483e8b53/resourceGroups/mapd713_group2/providers/Microsoft.Web/sites/mapd713nodeapi/basicPublishingCredentialsPolicies/scm",
        "resourceType": "Microsoft.Web/sites/basicPublishingCredentialsPolicies",
        "resourceName": "mapd713nodeapi/scm"
      }
    }
  },
  {
    "id": "/subscriptions/2ad1dc3a-c516-4b07-a384-8788483e8b53/resourceGroups/mapd713_group2/providers/Microsoft.Resources/deployments/Microsoft.Web-WebApp-Portal-6428d729-b386/operations/D022CBE41625F483",
    "operationId": "D022CBE41625F483",
    "properties": {
      "provisioningOperation": "Create",
      "provisioningState": "Succeeded",
      "timestamp": "2024-12-03T02:13:22.7059777Z",
      "duration": "PT1M23.285226S",
      "trackingId": "5ab76327-8162-490b-a8c0-decc38a1ff07",
      "statusCode": "OK",
      "targetResource": {
        "id": "/subscriptions/2ad1dc3a-c516-4b07-a384-8788483e8b53/resourceGroups/mapd713_group2/providers/Microsoft.Web/sites/mapd713nodeapi",
        "resourceType": "Microsoft.Web/sites",
        "resourceName": "mapd713nodeapi"
      }
    }
  },
  {
    "id": "/subscriptions/2ad1dc3a-c516-4b07-a384-8788483e8b53/resourceGroups/mapd713_group2/providers/Microsoft.Resources/deployments/Microsoft.Web-WebApp-Portal-6428d729-b386/operations/2ABC0F0775DA43B3",
    "operationId": "2ABC0F0775DA43B3",
    "properties": {
      "provisioningOperation": "Read",
      "provisioningState": "Succeeded",
      "timestamp": "2024-12-03T02:12:00.8083494Z",
      "duration": "PT1.3875977S",
      "trackingId": "23489b60-3fa9-4d68-b1a9-f1ee8063718e",
      "statusCode": "OK",
      "targetResource": {
        "id": "/subscriptions/2ad1dc3a-c516-4b07-a384-8788483e8b53/resourceGroups/mapd713_group2/providers/microsoft.insights/components/mapd713nodeapi",
        "resourceType": "microsoft.insights/components",
        "resourceName": "mapd713nodeapi",
        "apiVersion": "2015-05-01"
      }
    }
  },
  {
    "id": "/subscriptions/2ad1dc3a-c516-4b07-a384-8788483e8b53/resourceGroups/mapd713_group2/providers/Microsoft.Resources/deployments/Microsoft.Web-WebApp-Portal-6428d729-b386/operations/446A83E6F2EF55FE",
    "operationId": "446A83E6F2EF55FE",
    "properties": {
      "provisioningOperation": "Create",
      "provisioningState": "Succeeded",
      "timestamp": "2024-12-03T02:12:00.7181992Z",
      "duration": "PT1.2974475S",
      "trackingId": "7d6afe1d-2076-4535-9dd8-c9f4fb835e47",
      "statusCode": "OK",
      "targetResource": {
        "id": "/subscriptions/2ad1dc3a-c516-4b07-a384-8788483e8b53/resourceGroups/mapd713_group2/providers/microsoft.insights/components/mapd713nodeapi",
        "resourceType": "microsoft.insights/components",
        "resourceName": "mapd713nodeapi"
      }
    }
  },
  {
    "id": "/subscriptions/2ad1dc3a-c516-4b07-a384-8788483e8b53/resourceGroups/mapd713_group2/providers/Microsoft.Resources/deployments/Microsoft.Web-WebApp-Portal-6428d729-b386/operations/08584684149664261723",
    "operationId": "08584684149664261723",
    "properties": {
      "provisioningOperation": "EvaluateDeploymentOutput",
      "provisioningState": "Succeeded",
      "timestamp": "2024-12-03T02:13:23.4355254Z",
      "duration": "PT0.0755284S",
      "trackingId": "fc666d28-ba33-4c68-99d4-a947e3262b0b",
      "statusCode": "OK"
    }
  }
]